row_id,neutral_citation,para_start,para_end
27249:10:0,2019 SCC 65,16,17
27249:10:1,2022 FC 1580,16,17
27249:10:2,2022 FC 386,19,19
27249:10:3,2022 FC 81,14,14
27249:10:4,2021 FC 62,6,6
27249:10:5,2020 FC 350,17,17
27249:10:6,2017 FC 789,11,11
27249:12:7,2014 FC 922,28,28
27249:12:8,2011 FC 792,12,12
27249:16:9,2024 FC 13,31,31
27249:16:10,2022 FC 964,21,21
27249:22:11,2020 FC 1025,15,15
27249:22:12,2023 FC 139,6,9
27379:12:0,2021 FC 1031,40,40
27379:13:1,2010 FC 1086,19,19
27379:13:2,2015 FC 102,94,94
27379:18:3,2020 SCC 28,79,80
27379:19:4,2022 SCC 39,88,88
27379:20:5,2023 FC 870,61,61
27379:20:6,2021 FCA 171,33,33
27379:20:7,2007 FC 415,7,7
27637:16:0,2005 SCC 51,46,46
27637:28:1,2023 FC 464,31,31
27654:14:0,2019 SCC 65,23,23
27673:17:0,2019 SCC 65,10,10
27673:20:1,2018 FCA 69,54,56
27673:20:2,2023 FC 733,13,13
27673:32:3,2019 FC 212,17,20
27673:39:4,2009 SCC 12,43,43
27673:41:5,2006 FC 1283,24,24
27673:41:6,2012 FC 145,7,7
27727:11:0,2024 CF 13,15,15
27727:11:1,2018 CF 987,17,17
27727:11:2,2011 CF 380,24,24
27727:21:3,2020 CF 413,18,18
27727:21:4,2008 CAF 84,42,42
27727:28:5,2018 CF 533,40,40
27727:28:6,2020 CF 263,39,39
27727:31:7,2013 CF 598,10,10
27931:12:0,2019 SCC 65,16,17
27931:12:1,2014 SCC 24,79,79
27931:12:2,2018 FCA 69,37,56
27931:12:3,2020 FCA 196,35,35
27931:18:4,2016 FC 600,25,25
27931:18:5,2019 FCA 223,44,44
27931:18:6,2016 FCA 93,103,103
27931:22:7,2022 FC 546,23,23
27931:22:8,2018 FC 943,34,34
28179:13:0,2019 SCC 65,7,7
28179:13:1,2015 SCC 61,44,44
28179:13:2,2020 FC 879,10,10
28179:22:3,2015 FCA 139,21,21
28556:36:0,2019 FC 955,25,26
28556:47:1,2018 FCA 22,46,46
28697:9:0,2019 SCC 65,10,10
28697:10:1,2024 FC 910,15,16
28697:13:2,2020 FC 799,9,9
28697:17:3,2012 FC 992,22,22
28697:34:4,2023 FC 297,35,35
28697:35:5,2021 FC 1219,22,22
28697:46:6,2021 FC 160,48,48
28697:46:7,2015 FCA 86,36,36
28697:46:8,2020 FC 634,58,58
28946:11:0,2023 FC 107,33,33
29023:8:0,2019 SCC 65,15,15
29122:20:0,2015 FCA 227,16,17
29122:21:1,2011 SCC 42,17,17
29122:23:2,2016 FC 1356,23,23
29122:24:3,2010 FCA 184,34,34
29122:28:4,2017 SCC 54,68,68
29122:31:5,2024 SCC 13,33,33
29122:34:6,2015 SCC 5,55,55
29122:38:7,2020 SCC 11,38,38
29122:41:8,2020 SCC 28,27,27
29122:47:9,2003 SCC 69,22,22
29122:56:10,2011 FCA 6,8,8
29122:62:11,2021 FC 1061,25,26
29122:62:12,2022 FC 1106,21,21
29122:63:13,2005 SCC 11,2,2
29122:64:14,2007 FCA 330,19,19
29122:65:15,2022 FCA 209,62,62
29122:67:16,2007 FC 225,28,28
29122:67:17,2007 FC 210,22,23
29235:23:0,2019 FC 1550,26,26
29235:23:1,2021 FC 993,30,32
29235:25:2,2016 FC 822,39,39
29235:27:3,2020 FC 167,24,24
29443:18:0,2011 FCA 312,5,5
29443:19:1,2021 FC 998,19,19
29443:19:2,2016 SCC 54,124,124
29443:19:3,2013 FCA 143,12,13
29443:20:4,2018 FCA 1,28,28
29443:20:5,2023 FC 188,34,35
29443:29:6,2008 SCC 61,71,71
29726:26:0,2019 FC 112,30,30
29726:33:1,2019 FC 908,9,9
29726:33:2,2004 FC 937,15,15
29726:38:3,2021 FC 232,12,12
29759:8:0,2019 SCC 65,10,10
29759:8:1,2021 FC 430,32,32
29759:11:2,2022 FC 1333,16,16
29985:4:0,2022 FC 139,42,42
29985:4:1,2012 FCA 22,19,19
29985:26:2,2019 SCC 65,12,12
30304:12:0,2012 FCA 22,19,20
30304:14:1,2018 FCA 69,54,54
30304:15:2,2019 FC 1647,19,19
30304:15:3,2018 FC 512,11,11
30304:17:4,2020 FC 741,57,58
30304:17:5,2021 FC 1264,57,57
30304:17:6,2019 SCC 65,10,10
30304:17:7,2022 FC 1748,3,3
30304:19:8,2006 FC 153,10,10
30304:19:9,2022 FC 930,7,7
30304:29:10,2018 FCA 205,24,24
30484:20:0,2020 CAF 196,35,35
30484:29:1,2017 CF 643,10,12
30484:29:2,2020 CF 428,9,9
30484:29:3,2020 CF 236,5,5
30484:29:4,2020 CF 708,17,17
30484:29:5,2019 CF 1106,21,21
30529:19:0,2019 SCC 65,10,10
30529:19:1,2022 FC 233,9,9
30529:23:2,2019 FC 1068,41,41
30756:14:0,2024 FCA 37,7,7
30756:14:1,2014 FCA 257,19,19
30756:15:2,2013 FCA 250,70,70
30756:15:3,2015 FC 549,56,56
30756:21:4,2012 FCA 255,31,31
30756:24:5,2008 FC 420,48,48
30756:27:6,2022 FCA 176,39,39
30793:17:0,2023 FC 1123,19,19
30793:17:1,2021 FC 731,51,51
30793:17:2,2020 FC 263,43,43
30793:17:3,2018 FC 318,81,81
30793:17:4,2017 FC 754,14,14
30793:17:5,2005 FC 510,5,5
30793:17:6,2002 FCA 153,39,39
30793:19:7,2023 FC 732,18,18
30793:19:8,2020 FCA 196,35,35
30793:19:9,2019 FCA 267,14,14
30793:19:10,2019 FCA 263,24,25
30793:19:11,2019 FCA 238,18,18
30793:19:12,2018 FCA 69,54,54
30793:23:13,2023 SCC 21,76,76
30793:29:14,2015 FC 725,71,71
30793:29:15,2012 FC 118,4,4
30793:32:16,2016 FCA 96,49,49
30793:39:17,2019 FC 307,18,18
30793:40:18,2007 FC 101,18,19
30793:40:19,2022 FC 196,53,53
30793:40:20,2018 FC 313,23,23
30793:42:21,2018 FC 1182,65,65
30793:43:22,2018 FC 1019,18,18
30793:43:23,2016 FC 1385,133,133
30793:43:24,2016 FC 691,23,23
30793:43:25,2019 FC 547,18,20
30793:51:26,2016 FCA 96,34,35
30793:51:27,2019 FC 1036,33,33
30793:51:28,2016 FC 260,15,15
30880:11:0,2023 FC 1220,11,11
30880:11:1,2021 FC 689,14,14
30880:11:2,2009 FC 1233,31,31
30880:15:3,2011 SCC 42,17,17
30880:18:4,2017 FC 786,17,17
30880:19:5,2014 FC 39,17,17
30880:22:6,2010 FCA 184,34,35
31110:9:0,2019 SCC 65,16,17
31110:9:1,2021 FC 472,10,11
31110:9:2,2018 SCC 31,55,55
31110:11:3,2019 FC 2,22,22
31110:11:4,2022 FC 268,38,38
31110:13:5,2004 FC 87,10,10
31113:8:0,2018 FCA 69,49,49
31113:8:1,2009 SCC 12,43,43
31113:9:2,2019 SCC 65,16,17
31113:13:3,2020 FC 164,19,19
32332:11:0,2019 SCC 65,85,85
32332:11:1,2023 SCC 21,8,8
32332:15:2,2010 FC 133,55,55
32332:15:3,2008 FC 32,32,32
32332:23:4,2025 FC 1138,9,14
33973:3:0,2015 SCC 61,27,27
33973:8:1,2019 SCC 65,85,85
33973:8:2,2023 SCC 21,10,10
34803:7:0,2019 SCC 65,85,86
34803:8:1,2018 FCA 69,54,54
34803:11:2,2019 FC 812,19,19
34803:15:3,2016 FC 359,11,12
35032:12:0,2025 FC 929,13,13
35032:20:1,2024 FC 1730,19,20
35032:25:2,2022 FC 1452,11,11
35032:28:3,2014 FC 926,18,18
35032:28:4,2009 FCA 145,24,24
35067:16:0,2019 SCC 65,85,85
35067:16:1,2023 SCC 21,64,64
35067:18:2,2007 FCA 99,14,15
35067:19:3,2023 FC 1106,19,19
35067:19:4,2021 FC 1375,23,23
35067:19:5,2016 FC 178,23,23
35067:19:6,2014 FC 938,13,13
35067:19:7,2024 FC 462,24,24
35067:19:8,2012 FC 1379,48,51
35067:19:9,2019 FC 602,23,23
35067:19:10,2022 FC 414,20,20
35067:19:11,2022 FC 1575,14,14
35067:20:12,2025 FC 1389,11,11
35067:20:13,2015 FC 911,11,11
35067:23:14,2018 FC 924,22,22
35067:23:15,2022 FC 541,55,56
35067:23:16,2015 FC 1215,17,17
35067:26:17,2018 FC 785,18,20
35067:28:18,2025 FC 1899,33,33
35067:28:19,2020 FC 438,28,28
35067:28:20,2020 FC 707,16,16
35067:28:21,2019 FC 311,41,41
35067:31:22,2025 FC 993,27,27
35067:31:23,2024 FC 912,13,13
35067:31:24,2023 FC 1362,7,7
35067:31:25,2024 FC 1382,14,14
35067:31:26,2023 FC 1592,24,25
35067:31:27,2025 FC 215,47,51
35067:31:28,2022 FC 774,14,20
35185:10:0,2023 FC 62,53,53
35185:10:1,2018 FC 368,15,15
35185:10:2,2012 FC 428,23,23
35185:10:3,2011 FC 942,35,35
35185:10:4,2005 FC 1059,55,56
35185:10:5,2022 FC 1638,38,38
35185:10:6,2008 FC 848,41,41
35185:10:7,2019 FC 1219,21,21
35185:11:8,2019 FCA 169,70,70
35185:11:9,2019 FC 1238,16,16
35185:11:10,2021 FC 959,28,28
35348:15:0,2007 FC 1048,7,7
35348:15:1,2022 FC 1161,28,28
35348:16:2,2022 FC 768,34,34
35348:20:3,2010 SCC 3,34,34
35348:29:4,2002 SCC 54,4,4
35348:31:5,2018 SCC 48,54,54
35348:38:6,2015 FC 575,79,79
35348:53:7,2024 SCC 10,69,69
35348:53:8,2007 SCC 26,52,52
35348:53:9,2008 SCC 28,19,19
35348:54:10,2022 FC 1444,170,171
35348:54:11,2009 FC 160,47,48
35348:54:12,2010 FC 957,81,81
35348:54:13,2013 FC 104,70,72
35348:56:14,2023 FCA 120,44,44
35348:56:15,2002 SCC 84,75,75
35348:62:16,2023 SCC 21,37,37
35348:62:17,2018 FCA 22,46,46
35348:62:18,2017 FCA 130,36,36
35557:21:0,2019 SCC 65,23,23
35557:21:1,2015 SCC 61,13,13
35557:26:2,2018 FC 329,24,28
35557:26:3,2002 FCA 125,12,31
35557:26:4,2008 FC 165,9,12
35708:18:0,2019 SCC 65,34,34
35708:18:1,2022 FCA 153,14,15
35708:18:2,2023 FC 1051,20,20
35708:23:3,2012 SCC 3,157,157
35708:50:4,2014 FC 487,25,26
35708:50:5,2023 FC 1267,56,56
35708:61:6,2024 FC 916,85,85
35708:61:7,2014 FC 957,125,125
35708:61:8,2009 FC 974,64,64
35708:63:9,2014 FC 392,90,90
35708:67:10,2022 FC 1115,99,100
35708:67:11,2020 FC 1166,116,117
35739:13:0,2025 FC 1859,8,8
35739:13:1,2025 FC 60,34,34
35739:15:2,2012 FCA 22,19,20
35739:16:3,2023 FC 503,60,60
35739:16:4,2019 FCA 238,16,17
35739:16:5,2015 FCA 263,28,28
35739:20:6,2010 FCA 47,18,18
35739:20:7,2018 SCC 65,10,10
35739:20:8,2026 FC 14,26,26
35739:20:9,2015 SCC 61,42,44
35739:20:10,2025 FC 47,64,64
35739:20:11,2022 FC 1047,18,18
35739:23:12,2025 SCC 21,51,51
35739:25:13,2015 SCC 61,31,33
35739:26:14,2024 FC 2095,41,41
35739:26:15,2016 FC 1082,15,15
35739:30:16,2025 FC 1364,14,14
35739:31:17,2021 FC 1254,11,11
35739:31:18,2017 FC 724,35,35
35739:31:19,2015 FC 261,20,20
35739:31:20,2019 FC 386,27,27
42802:8:0,2007 FC 192,2,2
42802:16:1,2008 FCA 371,14,14
42894:4:0,2010 FCA 130,10,10
42896:4:0,2010 FCA 130,10,10
43334:11:0,2024 FCA 122,38,38
43361:2:0,2012 FCA 204,85,88
43361:2:1,2024 FCA 19,6,6
43361:4:2,2024 FCA 115,20,20
43361:4:3,2017 FCA 37,12,12
43361:4:4,2025 FCA 222,9,9
43361:4:5,2016 FCA 215,79,79
43361:4:6,2022 SCC 48,41,41
43361:5:7,2016 SCC 48,38,38
43361:5:8,2012 FCA 165,46,46
43361:9:9,2020 FCA 204,6,6
43361:10:10,2017 SCC 47,36,36
43363:20:0,2020 FCA 151,14,14
43363:22:1,2006 FCA 417,41,41
43363:22:2,2017 FCA 79,17,17
43363:23:3,2025 FCA 45,11,11
43363:23:4,2002 SCC 33,27,27
43363:23:5,2020 FCA 140,49,51
43363:25:6,2022 FCA 205,13,13
43363:25:7,2020 FCA 171,37,37
43363:25:8,2017 FCA 86,17,17
43363:29:9,2021 FCA 82,4,4
43363:31:10,2026 FCA 27,4,4
43363:34:11,2026 SCC 5,87,87
43363:34:12,2004 SCC 6,26,26
43363:41:13,2020 FCA 141,86,87
43363:41:14,2022 FCA 25,43,44
43363:56:15,2012 SCC 55,40,40
43363:65:16,2021 SCC 30,61,61
43363:65:17,2020 FCA 90,52,52
43363:65:18,2022 FCA 154,37,37
43363:80:19,2007 FCA 210,7,7
43373:17:0,2024 FCA 171,22,24
43373:26:1,2024 FCA 65,7,9
43373:26:2,2023 FCA 47,46,48
43373:26:3,2023 FCA 237,50,50
43373:28:4,2022 FCA 83,27,27
43373:29:5,2022 FCA 77,49,49
43373:29:6,2020 FCA 100,33,33
43373:29:7,2016 FCA 127,15,15
43373:36:8,2020 FCA 218,17,17
43401:4:0,2019 FCA 233,4,4
43401:9:1,2015 FCA 208,4,4
43401:9:2,2008 FCA 334,4,4
43401:9:3,2020 FCA 134,162,162
43401:10:4,2023 FC 1446,17,17
43401:11:5,2013 FCA 134,14,14
43401:11:6,2006 FC 1333,13,13
43401:21:7,2023 FCA 25,17,17
43401:22:8,2006 FC 631,3,3
43401:22:9,2008 FC 934,3,3
43413:12:0,2010 SCC 62,44,44
4656:13:0,2019 SCC 65,87,87
4656:14:1,2003 SCC 20,55,55
4656:17:2,2020 FCA 165,17,24
4728:36:0,2019 FCA 67,27,27
4728:36:1,2017 FCA 61,82,82
4728:36:2,2019 FC 646,26,26
4728:36:3,2015 FC 1234,75,76
4728:57:4,2019 FC 361,5,17
4728:57:5,2019 FC 1285,20,22
4728:62:6,2020 FC 1044,20,22
4757:4:0,2016 FC 599,3,3
4757:8:1,2015 SCC 61,23,23
4757:13:2,2004 FCA 38,8,8
4757:17:3,2019 SCC 65,10,10
4817:32:0,2010 FC 752,34,34
4817:38:1,2020 FC 491,78,78
4817:47:2,2021 FCA 156,34,34
5155:15:0,2019 SCC 65,10,10
5155:15:1,2020 FC 631,30,31
5155:15:2,2020 FC 607,11,11
5155:15:3,2020 FC 491,63,65
5155:15:4,2020 FC 461,27,27
5155:18:5,2005 SCC 40,114,114
5155:18:6,2017 FCA 157,89,89
5155:19:7,2011 FC 105,44,44
5155:21:8,2005 FCA 85,26,32
5155:21:9,2020 FC 4,38,39
5155:21:10,2010 FC 198,20,20
5155:22:11,2015 FCA 86,34,34
5155:22:12,2014 FC 384,14,14
5155:24:13,2021 FC 404,11,11
5155:24:14,2019 FC 796,7,7
5155:24:15,2017 FC 397,31,31
5155:25:16,2019 FC 807,26,26
5155:25:17,2018 FC 1128,23,23
5155:32:18,2019 FC 970,54,58
5155:32:19,2006 FC 1503,72,75
5155:32:20,2006 FC 246,38,38
5200:9:0,2019 SCC 65,10,10
5200:9:1,2020 FC 777,13,13
5200:18:2,2019 FC 265,22,22
5200:19:3,2019 FC 163,17,17
5200:20:4,2017 FC 1025,19,19
5200:21:5,2017 FC 27,18,18
5301:13:0,2018 FC 1263,19,19
5301:15:1,2015 SCC 61,7,7
5301:16:2,2014 FC 595,16,16
5301:16:3,2009 FCA 189,43,45
5301:16:4,2020 FC 231,68,69
5301:16:5,2004 FCA 38,5,5
5301:17:6,2010 FC 423,12,12
53305:41:0,2020 SCC 24,21,21
53305:65:1,2020 SCC 9,27,27
53514:45:0,2025 SCC 31,52,52
53514:76:1,2025 SCC 27,42,42
53514:143:2,2025 SCC 22,82,82
53716:123:0,2024 SCC 39,208,208
5577:28:0,2002 SCC 33,7,37
5604:13:0,2017 FCA 128,86,86
5604:15:1,2020 FC 1111,41,41
5604:19:2,2019 SCC 65,23,23
5604:26:3,2008 FC 1022,19,19
5604:26:4,2011 FC 721,16,17
6001:16:0,2002 SCC 1,98,98
6001:21:1,2018 FC 1128,15,15
6001:21:2,2020 FC 38,18,18
6001:27:3,2022 FC 510,26,26
6001:28:4,2019 FC 145,41,41
6001:28:5,2021 FC 108,20,20
6001:36:6,2018 FC 1080,66,66
61307:28:0,2022 FC 139,22,22
61307:33:1,2018 FCA 69,54,54
61307:43:2,2024 FC 260,17,17
61307:51:3,2023 FC 1571,17,17
61307:54:4,2013 SCC 36,96,96
61307:58:5,2023 FC 1357,14,14
61320:6:0,2019 SCC 65,83,83
61482:24:0,2026 SCC 20,40,40
61482:24:1,2026 SCC 19,22,22
61482:63:2,2025 SCC 22,82,82
61482:78:3,2024 SCC 3,29,29
6202:21:0,2002 FCA 125,12,12
6202:21:1,2008 FC 165,9,12
6303:24:0,2019 SCC 65,102,102
6426:9:0,2018 FCA 69,56,56
6426:9:1,2017 FC 1067,10,10
6426:10:2,2014 SCC 24,79,79
6426:10:3,2020 FCA 5,39,39
6426:10:4,2020 FC 89,12,12
6426:10:5,2018 FCA 168,4,4
6426:11:6,2019 SCC 65,16,17
6426:12:7,2006 FC 1283,24,24
6426:13:8,2007 FC 1092,14,14
6426:14:9,2007 FC 20,25,25
6426:15:10,2016 FC 690,37,37
6426:15:11,2006 FC 573,17,17
6426:17:12,2021 FC 321,80,80
6426:18:13,2016 FC 1234,8,8
6426:23:14,2020 FC 726,17,17
6426:26:15,2020 FC 316,38,38
6426:27:16,2011 SCC 62,16,16
6426:28:17,2020 FC 77,17,17
66591:38:0,2014 SCC 68,62,62
66591:38:1,2008 FCA 404,44,44
66591:38:2,2012 FC 618,47,47
66591:38:3,2010 FC 454,25,25
67308:36:0,2016 FCA 93,103,103
67308:36:1,2019 FC 1191,25,25
67308:36:2,2018 FC 45,59,59
67308:36:3,2016 FC 464,22,24
67308:36:4,2013 FC 252,88,88
67308:36:5,2019 FC 14,48,52
67308:36:6,2020 FC 640,8,11
67308:36:7,2021 FC 230,12,16
6911:36:0,2013 FC 445,14,14
6911:60:1,2016 FC 1121,24,24
6911:60:2,2018 FC 924,23,23
6911:61:3,2018 FC 924,23,23
6911:61:4,2021 FC 197,13,13
6911:65:5,2015 FC 145,13,13
6911:68:6,2016 FC 1357,14,14
6911:68:7,2019 FC 980,16,16
6911:72:8,2007 FC 448,26,26
69586:44:0,2010 FCA 118,28,28
69677:19:0,2020 FC 966,59,59
69677:19:1,2013 FC 1004,51,51
69775:37:0,2016 FC 260,14,14
69923:63:0,2007 FCA 385,16,16
70048:44:0,2016 FCA 93,103,103
70048:44:1,2019 FC 347,25,37
70078:24:0,2016 FCA 93,103,103
70078:24:1,2004 FC 233,9,9
7020:4:0,2013 FCA 258,9,9
7020:4:1,2012 FCA 83,4,4
7020:17:2,2014 FCA 176,36,36
72098:45:0,2018 FC 1145,5,5
72098:45:1,2021 FC 437,13,13
72171:34:0,2018 FC 147,18,18
72171:34:1,2019 FC 54,29,29
72171:34:2,2017 FC 1102,30,31
72171:34:3,2020 FC 12,23,24
73092:32:0,2016 FCA 96,71,71
7426:7:0,2018 FCA 69,54,54
7426:7:1,2019 SCC 65,77,77
7426:9:2,2018 FC 581,16,16
7426:14:3,2014 FC 976,24,24
7426:22:4,2016 FC 111,46,46
7426:24:5,2015 FC 142,19,19
7471:15:0,2019 SCC 65,10,10
7471:15:1,2009 SCC 12,58,58
7471:20:2,2019 FC 394,11,12
7687:24:0,2018 FC 551,49,49
7687:26:1,2008 FC 1035,34,34
7687:34:2,2012 FC 1379,34,34
7903:15:0,2019 SCC 65,100,100
7903:15:1,2019 FC 5,50,50
7903:16:2,2005 SCC 54,10,10
7903:26:3,2009 FCA 35,13,13
7903:39:4,2005 FC 1415,22,23
7903:40:5,2008 FC 1409,15,15
hand:1540:2,2011 FCA 318,8,8
hand:1540:3,2017 FCA 99,6,6
hand:1540:4,2008 FCA 377,4,4
hand:1540:10,2020 FC 968,36,42
hand:17038:1,2016 FCA 93,69,74
hand:17038:2,2008 SCC 9,34,34
hand:17038:3,2014 FCA 59,60,60
hand:17038:6,2009 SCC 12,89,89
hand:17038:7,2002 SCC 33,10,10
hand:17038:8,2018 FC 363,5,5
hand:17038:10,2018 FC 374,25,25
hand:17038:11,2012 SCC 72,26,27
hand:17038:12,2017 FC 685,14,14
hand:19246:2,2009 FC 929,22,22
hand:19246:3,2008 FC 346,10,10
hand:19246:6,2008 SCC 9,62,62
hand:19246:7,2008 FC 389,13,13
hand:19246:8,2008 FC 128,4,4
hand:23342:1,2007 FCA 385,13,13
hand:23342:5,2009 SCC 12,44,44
hand:23342:6,2008 SCC 9,54,54
hand:23342:7,2013 SCC 11,167,167
hand:23574:1,2011 FC 571,20,27
hand:23574:2,2006 FC 1283,23,24
hand:23574:7,2010 FC 442,3,3
hand:23574:8,2012 FC 25,22,22
hand:23574:9,2013 FC 69,6,6
hand:25379:1,2010 FC 1176,8,11
hand:25379:2,2008 FC 1229,14,14
hand:25379:3,2010 FC 126,10,11
hand:25379:4,2008 FC 1229,14,14
hand:25379:5,2008 FC 491,28,28
hand:25379:6,2011 FC 1364,14,16
hand:25379:7,2011 FC 634,75,75
hand:25379:8,2011 FC 111,9,9
hand:25379:9,2011 FC 793,17,17
hand:25379:10,2009 FC 1205,70,78
hand:46057:2,2008 SCC 9,47,47
hand:46057:8,2009 FCA 23,18,18
hand:46057:9,2005 SCC 54,10,10
hand:7522:1,2015 FC 551,12,12
hand:7522:2,2015 FC 896,20,20
hand:7522:3,2016 FCA 93,78,78
hand:7522:4,2015 FC 684,10,10
hand:7522:5,2015 FC 725,65,76
hand:7522:6,2014 SCC 54,30,30
hand:7522:7,2021 SCC 20,93,93
hand:7522:9,2019 SCC 65,91,91
hand:7522:10,2019 SCC 65,10,10
hand:7522:11,2019 FC 639,33,33
hand:7522:12,2018 FC 1182,5,5
