case_id,court,citation,date,title,french,dissent,paragraphs,chars
33888,FC,2025 FC 1256,2025-07-15,Adiele v. Canada (Citizenship and Immigration),0,0,24,8460
61413,FC,2026 FC 1130,2026-09-04,Ghebriel Yosief v. Canada (Citizenship and Immigration),0,0,24,14300
12991,FC,2016 FC 497,2016-05-04,Canada (Citizenship and Immigration) v. Pawar,0,0,14,7241
2697,FC,2019 FC 1608,2019-12-17,Yankson v. Canada (Citizenship and Immigration),0,0,48,24488
5224,FC,2021 FC 1231,2021-11-12,J.N. v. Canada (Citizenship and Immigration),0,0,37,20412
4420,FC,2020 FC 145,2020-01-28,Hamid v. Canada (Citizenship and Immigration),0,0,58,27193
5152,FC,2022 FC 410,2022-03-24,Singh v. Canada (Citizenship and Immigration),0,0,38,20884
29860,FC,2023 FC 655,2023-05-05,Amarasingam v. Canada (Citizenship and Immigration),0,0,49,35824
13406,FC,2015 FC 1394,2015-12-18,Boakye v. Canada (Citizenship and Immigration),0,0,21,15478
27562,FC,2024 FC 1564,2024-10-04,Dabar v. Canada (Citizenship and Immigration),0,0,16,11257
17368,FC,2019 FC 133,2019-01-31,Aguirre Renteria v. Canada (Citizenship and Immigration),0,0,19,8359
6652,FC,2022 FC 665,2022-05-06,Soto v. Canada (Citizenship and Immigration),0,0,28,12922
16980,FC,2019 FC 92,2019-01-22,Kwan v. Canada (Citizenship and Immigration),0,0,27,18467
15875,FC,2019 FC 1245,2019-09-30,"Ekpenyong v. Canada (Immigration, Refugees and Citizenship)",0,0,45,21197
10211,FC,2017 FC 266,2017-03-07,"Singh v. Canada (Immigration, Refugees and Citizenship)",0,0,35,35458
7418,FC,2021 FC 661,2021-06-24,Ngueliega Leuga v. Canada (Citizenship and Immigration),0,0,30,12856
10942,FC,2018 FC 819,2018-08-08,Isapourkhoramdehi v. Canada (Citizenship and Immigration),0,0,22,15554
28826,FC,2025 FC 539,2025-03-24,Grewal v. Canada (Citizenship and Immigration),0,0,18,4141
35652,FC,2026 FC 243,2026-02-20,Nieves Velazquez v. Canada (Citizenship and Immigration),0,0,22,5575
11870,FC,2015 FC 699,2015-06-01,Canada (Citizenship and Immigration)  v. Patmore,0,0,25,17832
29590,FC,2023 FC 914,2023-06-29,Singh v. Canada (Citizenship and Immigration),0,0,63,40827
27316,FC,2024 FC 1354,2024-09-03,Tshimuangi v. Canada (Citizenship and Immigration),0,0,36,20103
17962,FC,2019 FC 639,2019-05-10,Xu v. Canada (Citizenship and Immigration),0,0,55,35569
14331,FC,2019 FC 1153,2019-09-10,"Shah v. Canada (Immigration, Refugees and Citizenship)",0,0,49,20820
13652,FC,2015 FC 1284,2015-11-17,Hassankiadeh v. Canada (Citizenship and Immigration),0,0,28,26123
12990,FC,2016 FC 498,2016-05-04,Muhammad v. Canada (Citizenship and Immigration),0,0,22,17821
29165,FC,2024 FC 1848,2024-11-20,Serono v. Canada (Health),0,0,50,50868
30930,FC,2024 FC 259,2024-02-16,Taillefer v. Canada (Attorney General),0,0,55,28589
32265,FC,2026 FC 856,2026-06-23,Li v. Canada (Attorney General),0,0,31,13240
13793,FC,2016 FC 31,2016-01-08,"Gilead Sciences, Inc. v. Teva Canada Limited",0,0,35,34090
34499,FC,2025 CF 841,2025-05-08,Matondo c. Canada (Citoyenneté et Immigration),1,0,22,13199
27943,FC,2024 CF 583,2024-04-15,Lamontagne c. Canada (Procureur Général),1,0,89,59884
35380,FC,2025 CF 2023,2025-12-23,Bouzidi c. Canada (Citoyenneté et Immigration),1,0,28,18858
32142,FC,2026 CF 966,2026-07-17,Delgado Pinzon c. Canada (Citoyenneté et Immigration),1,0,53,36711
34537,FC,2025 CF 1248,2025-07-14,Reyes c. Canada (Citoyenneté et Immigration),1,0,37,21496
35431,FC,2026 CF 31,2026-01-09,Saucedo c. Canada (Citoyenneté et Immigration),1,0,21,14882
29918,FC,2023 CF 561,2023-04-17,Infante Rodriguez c. Canada (Citoyenneté et Immigration),1,0,23,11322
43929,FCA,2025 FCA 142,2025-08-08,Bayer Inc. v. Amgen Canada Inc.,0,0,30,18689
39248,FCA,2015 FCA 3,2015-01-09,"Bristol-Myers Squibb & Gilead Sciences, LLC v. Teva Canada Limited",0,0,16,6775
39171,FCA,2016 FCA 3,2016-01-06,Canada (Attorney General) v. Gatien,0,0,51,28752
47294,FCA,2019 FCA 167,2019-05-31,Virgo v. Canada (Attorney General),0,0,34,15747
61469,FCA,2026 FCA 139,2026-08-14,Sahadeo v. Canada (Attorney General),0,0,38,22861
39384,FCA,2016 FCA 268,2016-11-04,Zulkoskey v. Canada (Employment and Social Development),0,0,27,20981
43036,FCA,2022 FCA 220,2022-12-15,Right to Life Association of Toronto v. Canada (Attorney General),0,0,31,16464
61467,FCA,2026 FCA 141,2026-08-21,Canada (Attorney General) v. Emamifar,0,0,50,44679
46309,FCA,2019 FCA 211,2019-07-25,Insch v. Canada (Attorney General),0,0,60,25451
43848,FCA,2025 FCA 206,2025-11-20,O'Driscoll v. Canada (Royal Canadian Mounted Police),0,0,24,11487
42147,FCA,2023 FCA 92,2023-05-03,Vidéotron Ltée v. Technologies Konek Inc.,0,0,48,30713
42808,FCA,2021 FCA 87,2021-05-06,Association of Justice Counsel v. Canada (Attorney General),0,0,14,9051
46152,FCA,2019 FCA 316,2019-12-18,Alakozai v. Canada (Attorney General),0,0,17,9245
43590,FCA,2026 FCA 122,2026-06-29,Socan v. Apple Canada Inc. et al.,0,0,33,15503
59051,SCC,2010 SCC 24,2010-06-25,R. v. Nolet,0,0,55,45154
55864,SCC,2012 SCC 52,2012-10-18,Canada v. GlaxoSmithKline Inc.,0,0,77,44550
57505,SCC,2015 SCC 33,2015-06-04,R. v. Tatton,0,0,65,39289
59097,SCC,2011 SCC 29,2011-06-09,R. v. O'Brien,0,1,49,26394
56128,SCC,2014 SCC 20,2014-03-20,Canada (Attorney General) v. Whaling,0,0,89,65188
56624,SCC,2016 SCC 19,2016-05-06,Heritage Capital Corp. v. Equitable Trust Co.,0,0,64,44290
50451,SCC,2011 SCC 58,2011-11-30,R. v. Bouchard-Lebrun,0,0,92,68117
56673,SCC,2017 SCC 17,2017-03-23,R. v. Oland,0,0,70,43782
56947,SCC,2018 SCC 54,2018-12-06,R. v. Cyr-Langlois,0,1,59,40768
57475,SCC,2015 SCC 59,2015-11-27,R. v. Appulonappa,0,0,86,68929
50022,RPD,TA9-03279,2010-09-24,TA9-03279,0,0,24,14985
47132,RPD,MB1-03499,2013-01-07,MB1-03499,0,0,34,10417
48475,RPD,MA9-00757,2011-02-16,MA9-00757,0,0,34,12381
48335,RPD,MA8-07023,2012-01-31,MA8-07023,0,0,36,52348
50619,RPD,TA9-21603,2010-08-09,TA9-21603,0,0,20,12052
48288,RPD,MA8-10787,2010-06-08,MA8-10787,0,0,85,40286
50400,RPD,TA8-10596,2010-09-24,TA8-10596,0,0,19,12796
51047,RPD,TA9-10251,2010-03-02,TA9-10251,0,0,26,18488
45971,RPD,VB1-03539,2012-08-23,VB1-03539,0,0,34,20913
51035,RPD,TA9-09364,2010-01-28,TA9-09364,0,0,25,11980
47858,RPD,MB8-13067,2018-09-11,MB8-13067,0,0,28,12149
47321,RPD,MB2-03193,2015-12-04,MB2-03193,0,0,27,8041
47083,RPD,MB2-00572,2014-03-17,MB2-00572,0,0,32,12920
48372,RPD,MA8-08387,2011-09-29,MA8-08387,0,0,69,23512
50067,RPD,TA9-05263,2011-11-03,TA9-05263,0,0,12,6537
40443,RPD,TB2-02732,2013-08-27,TB2-02732,0,0,22,14053
49558,RPD,MA9-01574,2012-01-04,MA9-01574,0,0,34,12977
70678,RAD,TC2-34621,2023-03-07,TC2-34621,0,0,34,23557
65600,RAD,MB5-03670,2016-05-09,MB5-03670,0,0,42,18090
61784,RAD,MB9-07737,2020-02-03,MB9-07737,0,0,23,16131
62989,RAD,MC0-02432,2021-05-18,MC0-02432,0,0,61,33794
67428,RAD,TB8-29354,2019-01-22,TB8-29354,0,0,26,10993
75040,RAD,TB5-10731,2016-01-13,TB5-10731,0,0,61,19958
73380,RAD,TB7-14770,2018-09-26,TB7-14770,0,0,41,26888
62107,RAD,MB8-10695,2019-07-03,MB8-10695,0,0,25,11140
74590,RAD,TB5-13867,2017-04-12,TB5-13867,0,0,55,28418
63387,RAD,MB9-11955,2020-01-02,MB9-11955,0,0,51,27322
67501,RAD,TB8-17106,2020-09-28,TB8-17106,0,0,55,32918
74424,RAD,TB8-04097,2019-07-22,TB8-04097,0,0,28,15693
74208,RAD,TB8-00679,2018-11-23,TB8-00679,0,0,32,19110
71916,RAD,TB5-03008,2015-06-16,TB5-03008,0,0,34,24546
69106,RAD,VC0-01523,2021-04-19,VC0-01523,0,0,60,46856
70852,RAD,TB4-08044,2015-02-18,TB4-08044,0,0,30,16704
68330,RAD,TB9-03389,2020-01-10,TB9-03389,0,0,31,14033
69101,RAD,VC0-01868,2021-02-26,VC0-01868,0,0,45,25655
65838,RAD,MB6-03051,2017-09-12,MB6-03051,0,0,66,26500
62726,RAD,MB9-27252,2020-03-04,MB9-27252,0,0,23,18192
73539,RAD,TB7-20462,2018-11-27,TB7-20462,0,0,26,9590
62823,RAD,MB9-25330,2020-09-04,MB9-25330,0,0,20,11233
