case_id,title,citation,decision_date,court,paragraphs,approx_tokens
4728,Canada (National Revenue) v. Dominelli,2022 FC 187,2022-02-11,FC,84,13718
35032,Chen v. Canada (Citizenship and Immigration),2026 FC 407,2026-03-26,FC,29,2884
27673,Osakue v. Canada (Citizenship and Immigration),2024 FC 1472,2024-09-18,FC,43,4880
35557,Bethune v. Canada (Citizenship and Immigration),2025 FC 1996,2025-12-18,FC,28,3857
5577,Turner-Lienaux v. Canada (Attorney General),2021 FC 1483,2021-12-30,FC,66,7966
5155,Al Ayoubi v. Canada (Citizenship and Immigration),2022 FC 385,2022-03-22,FC,46,5882
27931,Wang v. Canada (Citizenship and Immigration),2024 FC 559,2024-04-09,FC,20,2496
29443,Pfizer Canada ULC v. Uniqure Biopharma B.V.,2023 FC 629,2023-05-01,FC,53,6467
35067,Singh v. Canada (Citizenship and Immigration),2026 FC 750,2026-06-09,FC,29,5852
29122,Qualizza v. Canada (the King),2024 FC 1801,2024-11-13,FC,74,12122
29759,Galvis Bonilla v. Canada (Citizenship and Immigration),2023 FC 350,2023-03-15,FC,26,3791
30793,Soriano Jimenez v. Canada (Citizenship and Immigration),2024 FC 410,2024-03-11,FC,45,10111
7471,Canada (Citizenship and Immigration) v. Doss,2021 FC 623,2021-06-18,FC,31,4290
30756,Mattina v. Canada (National Revenue),2024 FC 431,2024-03-15,FC,30,3550
30880,Lam v. Law Society of Ontario,2024 FC 265,2024-02-16,FC,33,6235
7687,Daza Molina v. Canada (Citizenship and Immigration),2021 FC 137,2021-02-26,FC,41,4053
6426,Ibekwe v. Canada (Citizenship and Immigration),2022 FC 728,2022-05-16,FC,36,4877
31110,Oladiti v. Canada (Citizenship and Immigration),2022 FC 677,2022-05-09,FC,32,4916
27637,Jilani v. Canada (Citizenship and Immigration),2024 FC 1586,2024-10-08,FC,38,6399
6202,Tuyebekova v. Canada (Citizenship and Immigration),2022 FC 1677,2022-12-05,FC,27,3164
6001,Musa v. Canada (Public Safety and Emergency Preparedness),2022 FC 1172,2022-08-05,FC,49,6406
35708,TPG Technology Consulting Ltd. v. Canada (Attorney General),2026 FC 284,2026-03-02,FC,67,10340
35739,Singh v. Canada (Citizenship and Immigration),2026 FC 123,2026-01-28,FC,35,7812
27379,Doe v. Canada (Attorney General),2024 FC 1024,2024-06-28,FC,23,4613
28556,Jayaratnarajah v. Canada (Citizenship and Immigration),2025 FC 231,2025-02-05,FC,53,3558
4656,Mohammadi v. Canada (Citizenship and Immigration),2022 FC 127,2022-02-04,FC,22,2606
27654,Kaur v. Canada (Citizenship and Immigration),2024 FC 1427,2024-09-11,FC,27,3918
5604,Froehling v. Canada (Attorney General),2021 FC 1439,2021-12-17,FC,35,5686
29235,Ahuday v. Canada (Citizenship and Immigration),2025 FC 39,2025-01-07,FC,48,8841
5200,Singh v. Canada (Citizenship and Immigration),2021 FC 1289,2021-11-24,FC,25,3074
31113,Kaur v. Canada (Citizenship and Immigration),2023 FC 202,2023-02-10,FC,29,2559
7426,Ilori v. Canada (Citizenship and Immigration),2021 FC 627,2021-06-17,FC,29,6493
7020,Garcia Diaz v. Canada (Citizenship and Immigration),2021 FC 530,2021-06-04,FC,35,4527
33770,Dhillon v. Canada (Citizenship and Immigration),2025 FC 1499,2025-09-10,FC,18,2432
28697,Singh v. Canada (Citizenship and Immigration),2025 FC 689,2025-04-14,FC,36,4789
4817,Gao v. Canada (Citizenship and Immigration),2022 FC 64,2022-01-19,FC,59,7544
29985,Ibrahim v. Canada (Attorney General),2023 FC 1357,2023-10-11,FC,32,3650
28946,Vafaei v. Canada (Citizenship and Immigration),2024 FC 1987,2024-12-06,FC,22,2145
5301,Vokshi v. Canada (Citizenship and Immigration),2021 FC 1351,2021-12-03,FC,22,2376
61307,Wu v. Canada (Attorney General),2026 FC 1005,2026-07-27,FC,53,8665
43373,Westjet v. T.H.,2026 FCA 20,2026-01-30,FCA,35,6161
43146,Westcoast Energy Inc. v. Canada,2022 FCA 57,2022-03-31,FCA,16,1903
43413,Meglobal Canada Ulc v. Canada,2026 FCA 24,2026-02-04,FCA,18,2781
43557,IWK Health Centre v. Canada,2026 FCA 113,2026-06-11,FCA,12,1660
46584,Canada (Attorney General) v. Mendoza,2021 FCA 36,2021-02-25,FCA,25,3907
43401,Little Black Bear First Nation v. Kawacatoose First Nation,2026 FCA 7,2026-01-15,FCA,15,4367
42802,Boroumend v. Canada,2021 FCA 48,2021-03-08,FCA,23,2399
42896,Eli Lilly Canada Inc. v. Mylan Pharmaceuticals ULC,2021 FCA 128,2021-06-29,FCA,22,2619
46588,Dugré v. Canada (Attorney General),2021 FCA 40,2021-02-26,FCA,12,1273
43334,Rogers Communications Canada Inc. v. Timeless Inc.,2026 FCA 92,2026-05-11,FCA,17,1995
43361,Solakian v. Canada Post Corporation,2026 FCA 75,2026-04-16,FCA,13,2599
44178,Sioui v. Huron-Wendat Nation Council,2024 FCA 179,2024-10-30,FCA,12,1323
43363,Canada (Attorney General) v. Medline Canada Corporation,2026 FCA 74,2026-04-16,FCA,78,12428
42894,Eli Lilly Canada Inc. v. Teva Canada Limited,2021 FCA 129,2021-06-29,FCA,22,2603
42511,Google LLC v. Sonos Inc.,2024 FCA 44,2024-03-13,FCA,17,2358
61482,R. v. R.B.-C.,2026 SCC 30,2026-09-11,SCC,89,18800
53514,R. v. Jacques-Taylor,2026 SCC 20,2026-05-29,SCC,31,28551
53305,Canada v. Loblaw Financial Holdings Inc.,2021 SCC 51,2021-12-03,SCC,16,20122
53442,British Columbia (Attorney General) v. Council of Canadians with Disabilities,2022 SCC 27,2022-06-23,SCC,37,24192
53716,Sainte‑Julie (City) v. Investissements Laroda inc.,2025 SCC 44,2025-12-19,SCC,22,25653
67308,TB8-30389,TB8-30389,2021-03-23,RAD,40,6782
72171,MC0-10016,MC0-10016,2021-03-24,RAD,38,4202
69775,TC1-18801,TC1-18801,2022-03-29,RAD,41,4137
66809,TC0-05140,TC0-05140,2021-02-11,RAD,28,5155
69677,TC1-00747,TC1-00747,2021-07-22,RAD,24,4720
70078,TC0-11097,TC0-11097,2021-02-22,RAD,28,5698
72466,MC0-05246,MC0-05246,2021-03-17,RAD,23,2559
69723,TC1-01730,TC1-01730,2021-11-09,RAD,70,9131
70156,TC0-10017,TC0-10017,2021-02-08,RAD,31,3387
69033,VC0-03138,VC0-03138,2021-02-17,RAD,34,4826
69586,TC1-03416,TC1-03416,2021-07-05,RAD,48,7131
72175,MC0-09819,MC0-09819,2021-02-25,RAD,41,2849
72636,MC0-08541,MC0-08541,2021-02-16,RAD,72,9166
69446,VB9-10191,VB9-10191,2021-03-30,RAD,24,4766
62997,MC0-02545,MC0-02545,2021-03-10,RAD,39,3693
70048,TC0-11336,TC0-11336,2021-07-23,RAD,49,7460
72098,MC1-00693,MC1-00693,2021-07-02,RAD,49,6189
69923,TC0-09221,TC0-09221,2021-02-05,RAD,67,7263
73092,MC3-04404,MC3-04404,2023-08-30,RAD,38,6160
66591,TC0-02224,TC0-02224,2021-03-31,RAD,43,6139
29726,Mecha v. Canada (Citizenship and Immigration),2023 FC 472,2023-04-03,FC,38,4219
61320,Khamrayev v. Canada (Citizenship and Immigration),2026 FC 1093,2026-08-25,FC,19,2215
35348,A.B. v. Canada (Citizenship and Immigration),2025 FC 1973,2026-01-08,FC,68,9163
29023,Chuenyen v. Canada (Attorney General),2024 FC 1703,2024-10-30,FC,16,1739
35185,Wu v. Canada (Citizenship and Immigration),2026 FC 808,2026-06-16,FC,13,2297
33973,Duran Bantan v. Canada (Citizenship and Immigration),2025 FC 1417,2025-08-25,FC,12,2477
6113,Humayun v. Canada (Citizenship and Immigration),2022 FC 1640,2022-11-29,FC,58,5113
6303,Fardusi v. Canada (Citizenship and Immigration),2022 FC 1568,2022-11-16,FC,28,3417
27249,Singh v. Canada (Citizenship and Immigration),2024 FC 1290,2024-08-21,FC,25,4714
30529,Wiltshire v. Canada (Citizenship and Immigration),2024 FC 103,2024-01-22,FC,27,3411
34803,Sariam v. Canada (Citizenship and Immigration),2026 FC 511,2026-04-16,FC,17,1393
28179,Malaekeh v. Canada (Citizenship and Immigration),2024 FC 1058,2024-07-05,FC,24,3414
61316,Samiei v. Canada (Citizenship and Immigration),2026 FC 1090,2026-08-24,FC,23,1865
27727,Lopez de Armas c. Canada (Citoyenneté et Immigration),2024 CF 1519,2024-09-26,FC,28,4847
32332,Adeleke v. Canada (Citizenship and Immigration),2026 FC 905,2026-07-06,FC,21,3129
6911,Akhtar v. Canada (Citizenship and Immigration),2022 FC 989,2022-07-05,FC,80,5891
30304,Rana v. Canada (Attorney General),2023 FC 1014,2023-07-25,FC,27,4676
4757,Kifungo v. Canada (Citizenship and Immigration),2022 FC 15,2022-01-21,FC,38,6314
30484,Baakliny c. Canada (Citoyenneté et Immigration),2024 CF 130,2024-01-26,FC,27,4285
7903,Merck Canada Inc. v. Canada (Health),2021 FC 345,2021-04-20,FC,47,6209
