row_id,neutral_citation,para_start,para_end
1540:2,2011 FCA 318,8,8
1540:3,2017 FCA 99,6,6
1540:4,2008 FCA 377,4,4
1540:10,2020 FC 968,36,42
17038:1,2016 FCA 93,69,74
17038:2,2008 SCC 9,34,34
17038:3,2014 FCA 59,60,60
17038:6,2009 SCC 12,89,89
17038:7,2002 SCC 33,10,10
17038:8,2018 FC 363,5,5
17038:10,2018 FC 374,25,25
17038:11,2012 SCC 72,26,27
17038:12,2017 FC 685,14,14
19246:2,2009 FC 929,22,22
19246:3,2008 FC 346,10,10
19246:6,2008 SCC 9,62,62
19246:7,2008 FC 389,13,13
19246:8,2008 FC 128,4,4
23342:1,2007 FCA 385,13,13
23342:5,2009 SCC 12,44,44
23342:6,2008 SCC 9,54,54
23342:7,2013 SCC 11,167,167
23574:1,2011 FC 571,20,27
23574:2,2006 FC 1283,23,24
23574:7,2010 FC 442,3,3
23574:8,2012 FC 25,22,22
23574:9,2013 FC 69,6,6
25379:1,2010 FC 1176,8,11
25379:2,2008 FC 1229,14,14
25379:3,2010 FC 126,10,11
25379:4,2008 FC 1229,14,14
25379:5,2008 FC 491,28,28
25379:6,2011 FC 1364,14,16
25379:7,2011 FC 634,75,75
25379:8,2011 FC 111,9,9
25379:9,2011 FC 793,17,17
25379:10,2009 FC 1205,70,78
46057:2,2008 SCC 9,47,47
46057:8,2009 FCA 23,18,18
46057:9,2005 SCC 54,10,10
7522:1,2015 FC 551,12,12
7522:2,2015 FC 896,20,20
7522:3,2016 FCA 93,78,78
7522:4,2015 FC 684,10,10
7522:5,2015 FC 725,65,76
7522:6,2014 SCC 54,30,30
7522:7,2021 SCC 20,93,93
7522:9,2019 SCC 65,91,91
7522:10,2019 SCC 65,10,10
7522:11,2019 FC 639,33,33
7522:12,2018 FC 1182,5,5
